{"Baguala":{"luas_kota_ha":5788.205962222676,"luas_vegetasi_2024_ha":4221.12643568943,"luas_vegetasi_2025_ha":4563.362487121836,"luas_gain_ha":223.64348633884416,"luas_loss_ha":66.18959358329184,"perubahan_bersih_ha":342.2360514324064,"persen_perubahan_terhadap_2024":8.107694868810759,"persen_vegetasi_2024":72.92633439858649,"persen_vegetasi_2025":78.83897907063246},"LeitimurSelatan":{"luas_kota_ha":4844.8857149785545,"luas_vegetasi_2024_ha":4338.466983561694,"luas_vegetasi_2025_ha":4362.621437888842,"luas_gain_ha":84.17919016224607,"luas_loss_ha":75.58305471018137,"perubahan_bersih_ha":24.154454327147505,"persen_perubahan_terhadap_2024":0.5567509080665572,"persen_vegetasi_2024":89.54735444323887,"persen_vegetasi_2025":90.04591015225118},"Nusaniwe":{"luas_kota_ha":4686.534625590312,"luas_vegetasi_2024_ha":3578.888133973195,"luas_vegetasi_2025_ha":3707.9151308692785,"luas_gain_ha":65.28931380132325,"luas_loss_ha":7.993223969700774,"perubahan_bersih_ha":129.02699689608335,"persen_perubahan_terhadap_2024":3.6052257591197936,"persen_vegetasi_2024":76.3653407025111,"persen_vegetasi_2025":79.11848363655763},"Sirimau":{"luas_kota_ha":3685.3647618638606,"luas_vegetasi_2024_ha":2204.860035108878,"luas_vegetasi_2025_ha":2217.744236110804,"luas_gain_ha":89.22961474476895,"luas_loss_ha":74.36457919673758,"perubahan_bersih_ha":12.884201001926158,"persen_perubahan_terhadap_2024":0.5843545983312235,"persen_vegetasi_2024":59.82745745888604,"persen_vegetasi_2025":60.1770619576117},"TelukAmbon":{"luas_kota_ha":11428.320104970495,"luas_vegetasi_2024_ha":9677.95688460074,"luas_vegetasi_2025_ha":9685.556687725806,"luas_gain_ha":156.31946572977878,"luas_loss_ha":158.0332407898205,"perubahan_bersih_ha":7.599803125065591,"persen_perubahan_terhadap_2024":0.07852693720053824,"persen_vegetasi_2024":84.68398501011121,"persen_vegetasi_2025":84.75048474983902}}